trinucleotide,count_mut,count_tri,mutation_rate
ATA,3,16689,0.00017975912277548085
ATC,3,17540,0.00017103762827822122
ATT,9,16087,0.0005594579474109529
ATG,2,20621,9.698850686193686e-05
ACA,9,18816,0.00047831632653061223
ACC,2,15355,0.00013025073266037122
ACG,4,22342,0.0001790350013427625
ACT,9,17087,0.0005267162170070815
AAC,2,22700,8.81057268722467e-05
AAT,3,18498,0.0001621796951021732
AAA,4,28083,0.0001424349250436207
AAG,1,25217,3.9655787762223894e-05
AGC,4,21944,0.0001822821728034998
AGT,2,13295,0.00015043249341857841
AGA,5,20391,0.0002452062184296994
AGG,2,19473,0.00010270631130282956
CTA,2,10860,0.00018416206261510129
CTC,2,10856,0.00018422991893883567
CTG,4,20290,0.00019714144898965008
CTT,5,14217,0.00035169163677287754
CCA,4,20776,0.00019252984212552945
CCC,3,12997,0.00023082249749942294
CCG,4,24838,0.0001610435622835977
CCT,4,16849,0.0002374028132233367
CAC,2,17402,0.00011492931846914148
CAT,6,17975,0.00033379694019471486
CAA,10,20849,0.00047963931123794906
CAG,25,18428,0.0013566312133709573
CGA,8,31444,0.00025442055718102023
CGC,8,35591,0.00022477592649827204
CGG,3,34641,8.660258075690655e-05
CGT,4,19523,0.0002048865440762178
GTA,1,14597,6.850722751250257e-05
GTC,5,14081,0.00035508841701583694
GTG,2,17120,0.00011682242990654206
GTT,4,21785,0.00018361257746155613
GCA,8,27895,0.00028678974726653524
GCC,2,19711,0.0001014661863933844
GCG,7,32649,0.00021440166620723453
GCT,7,28996,0.00024141260863567388
GAC,3,11215,0.0002674988854213107
GAT,6,19548,0.0003069367710251688
GAA,15,16638,0.0009015506671474937
GAG,1,5304,0.0001885369532428356
GGA,9,21256,0.0004234098607452014
GGC,7,26288,0.00026628119293974436
GGG,3,16256,0.00018454724409448819
GGT,9,18820,0.00047821466524973434
TCA,5,23686,0.00021109516169889387
TCC,8,15069,0.0005308912336585042
TCG,4,24311,0.00016453457282711528
TCT,4,19669,0.00020336570237429458
TTC,2,17465,0.0001145147437732608
TTT,4,21668,0.00018460402436773122
TTA,3,20842,0.00014394012090970156
TTG,1,25247,3.960866637620311e-05
TAC,1,14508,6.892748828232699e-05
TAT,7,19629,0.00035661521218605124
TAA,5,21297,0.00023477485091796967
TAG,0,7700,0.0
TGC,11,39524,0.0002783119117498229
TGT,4,21286,0.0001879169407122052
TGA,10,42172,0.00023712415820923837
TGG,4,41465,9.646689979500784e-05
