trinucleotide,count_mut,count_tri,mutation_rate
ATA,5,16444,0.00030406227195329605
ATC,3,17339,0.0001730203587288771
ATT,5,15863,0.00031519889049990546
ATG,1,20383,4.9060491586125696e-05
ACA,9,18592,0.00048407917383821
ACC,5,15212,0.00032868787799105966
ACG,5,22160,0.0002256317689530686
ACT,5,16893,0.00029598058367371103
AAC,12,22491,0.000533546752034147
AAT,6,18235,0.0003290375651220181
AAA,9,27701,0.00032489801812208945
AAG,2,25011,7.996481548118828e-05
AGC,7,21713,0.0003223875097867637
AGT,4,13160,0.00030395136778115504
AGA,11,20159,0.0005456619872017462
AGG,7,19295,0.00036278828712101583
CTA,6,10764,0.0005574136008918618
CTC,4,10721,0.0003730995242981065
CTG,9,20054,0.0004487882716665004
CTT,10,14043,0.0007120985544399345
CCA,8,20590,0.0003885381253035454
CCC,6,12885,0.00046565774155995343
CCG,7,24659,0.000283872014274707
CCT,6,16685,0.0003596044351213665
CAC,12,17225,0.0006966618287373005
CAT,8,17758,0.00045050118256560425
CAA,10,20583,0.0004858378273332362
CAG,7,18185,0.000384932636788562
CGA,18,31249,0.0005760184325898428
CGC,20,35360,0.0005656108597285068
CGG,17,34445,0.0004935404267673102
CGT,7,19354,0.00036168233956804794
GTA,3,14461,0.00020745453288154345
GTC,4,13937,0.0002870058118676903
GTG,4,16950,0.00023598820058997051
GTT,9,21586,0.0004169369035485963
GCA,18,27618,0.000651748859439496
GCC,4,19567,0.0002044258189809373
GCG,12,32445,0.0003698566805362922
GCT,21,28784,0.0007295719844357977
GAC,6,11099,0.0005405892422740788
GAT,18,19355,0.0009299922500645828
GAA,5,16435,0.000304228780042592
GAG,5,5195,0.0009624639076034649
GGA,13,21021,0.0006184291898577613
GGC,18,26003,0.0006922278198669385
GGG,8,16105,0.0004967401428127911
GGT,15,18668,0.0008035140347118063
TCA,9,23434,0.00038405735256464966
TCC,8,14923,0.0005360852375527709
TCG,7,24151,0.0002898430706803031
TCT,7,19508,0.0003588271478367849
TTC,5,17272,0.00028948587308939323
TTT,10,21383,0.0004676612262077351
TTA,4,20608,0.00019409937888198756
TTG,6,25009,0.00023991363109280659
TAC,5,14356,0.00034828643076065756
TAT,16,19373,0.0008258917049501884
TAA,7,21050,0.000332541567695962
TAG,1,7614,0.0001313370107696349
TGC,14,39194,0.0003571975302342195
TGT,7,21059,0.0003323994491666271
TGA,21,41732,0.0005032109652065561
TGG,13,41179,0.0003156948930279997
