trinucleotide,count_mut,count_tri,mutation_rate
ATA,12,15799,0.0007595417431483006
ATC,8,16660,0.0004801920768307323
ATT,9,15679,0.0005740162000127559
ATG,12,19470,0.0006163328197226503
ACA,13,18085,0.0007188277578103401
ACC,2,14640,0.0001366120218579235
ACG,7,20725,0.00033775633293124245
ACT,1,16541,6.0455837011063415e-05
AAC,12,22124,0.0005423973964924968
AAT,8,18131,0.0004412332469251558
AAA,11,27356,0.00040210557098991083
AAG,14,23740,0.0005897219882055602
AGC,7,21470,0.00032603632976245924
AGT,5,13275,0.0003766478342749529
AGA,6,20199,0.0002970444081390168
AGG,10,19167,0.0005217300568685762
CTA,2,10843,0.00018445079774970027
CTC,3,10606,0.0002828587591929097
CTG,13,20037,0.0006487997205170435
CTT,5,14293,0.00034982159098859584
CCA,16,20879,0.0007663202260644666
CCC,6,12899,0.0004651523373904954
CCG,8,24385,0.0003280705351650605
CCT,4,16821,0.00023779799060697938
CAC,3,17704,0.00016945323090826933
CAT,7,18582,0.00037670864277257563
CAA,10,21633,0.0004622567373919475
CAG,3,17531,0.00017112543494381382
CGA,8,32063,0.0002495087795901818
CGC,13,35274,0.000368543403073085
CGG,14,34108,0.0004104608889410109
CGT,5,20330,0.00024594195769798326
GTA,9,13870,0.0006488824801730354
GTC,5,13156,0.0003800547278808148
GTG,11,16260,0.0006765067650676507
GTT,2,21898,9.133254178463786e-05
GCA,12,27652,0.0004339649934905251
GCC,9,19744,0.00045583468395461914
GCG,12,31877,0.0003764469680333783
GCT,9,29529,0.00030478512648582747
GAC,6,11359,0.000528215511928867
GAT,3,20259,0.00014808233377758035
GAA,5,17309,0.0002888670633774337
GAG,0,5454,0.0
GGA,2,22176,9.018759018759019e-05
GGC,4,27011,0.00014808781607493244
GGG,2,16579,0.00012063453766813439
GGT,3,19733,0.00015202959509451173
TCA,15,23761,0.0006312865620133833
TCC,8,14926,0.0005359774889454643
TCG,14,23678,0.0005912661542359996
TCT,4,19468,0.0002054653790836244
TTC,13,17269,0.0007527940239735943
TTT,8,21475,0.00037252619324796275
TTA,10,20362,0.0004911108928396031
TTG,21,23598,0.000889905924230867
TAC,6,15210,0.0003944773175542406
TAT,5,20165,0.0002479543763947434
TAA,5,21841,0.00022892724692092853
TAG,3,7474,0.0004013914905004014
TGC,19,38339,0.0004955789144213464
TGT,10,21499,0.00046513791339132055
TGA,15,42005,0.00035710034519700033
TGG,28,40300,0.0006947890818858561
