trinucleotide,count_mut,count_tri,mutation_rate
ATA,3,5503,0.0005451571869889151
ATC,4,33585,0.0001191007890427274
ATT,6,40587,0.00014783058614827407
ATG,10,37099,0.00026954904444863743
ACA,2,9136,0.00021891418563922942
ACC,7,31213,0.00022426553038797938
ACG,4,19127,0.00020912845715480733
ACT,3,11720,0.0002559726962457338
AAC,5,28614,0.0001747396379394702
AAT,6,23112,0.00025960539979231567
AAA,7,44732,0.00015648752570866494
AAG,12,13581,0.0008835873647006848
AGC,20,21333,0.0009375146486663854
AGT,0,11500,0.0
AGA,0,2593,0.0
AGG,1,1437,0.0006958942240779402
CTA,1,5165,0.0001936108422071636
CTC,2,14843,0.00013474365020548407
CTG,10,70828,0.00014118710114643926
CTT,3,14615,0.00020526855969893944
CCA,1,11185,8.94054537326777e-05
CCC,1,7250,0.00013793103448275863
CCG,9,31152,0.0002889060092449923
CCT,6,9253,0.0006484383443207608
CAC,1,12932,7.732755954222085e-05
CAT,3,17122,0.00017521317603083752
CAA,6,20437,0.0002935851641630376
CAG,5,38474,0.00012995789364245985
CGA,1,4629,0.00021602937999567941
CGC,4,29487,0.00013565299962695426
CGG,6,7100,0.0008450704225352113
CGT,5,28045,0.00017828489926903192
GTA,2,14467,0.00013824566254233773
GTC,3,20380,0.00014720314033366046
GTG,6,35071,0.00017108152034444414
GTT,5,24260,0.00020610057708161583
GCA,7,26798,0.00026121352339726845
GCC,14,34188,0.0004095004095004095
GCG,9,45188,0.00019916792068690802
GCT,5,20249,0.0002469257741123018
GAC,5,25401,0.00019684264399039408
GAT,12,42537,0.0002821073418435715
GAA,20,52749,0.0003791541071868661
GAG,3,23707,0.00012654490234951702
GGA,4,10374,0.000385579332947754
GGC,6,39623,0.00015142720137293996
GGG,2,14591,0.00013707079706668494
GGT,6,32876,0.00018250395425234214
TCA,1,9342,0.00010704345964461572
TCC,2,11426,0.00017503938386136881
TCG,1,11861,8.430992327796982e-05
TCT,5,11144,0.00044867193108399136
TTC,5,22047,0.00022678822515534994
TTT,8,29632,0.0002699784017278618
TTA,8,18357,0.0004358010568175628
TTG,9,18198,0.0004945598417408506
TAC,0,16225,0.0
TAT,8,21294,0.00037569268338499107
TAA,0,2747,0.0
TAG,0,304,0.0
TGC,2,8611,0.00023226106143305075
TGT,2,6828,0.00029291154071470416
TGA,0,1241,0.0
TGG,1,20266,4.934372841211882e-05
