trinucleotide,count_mut,count_tri,mutation_rate
ATA,7,15996,0.0004376094023505876
ATC,11,16858,0.0006525091944477399
ATT,3,15915,0.00018850141376060322
ATG,6,19719,0.00030427506465845124
ACA,5,18307,0.0002731195717485115
ACC,2,14786,0.00013526308670363857
ACG,3,20867,0.0001437676714429482
ACT,1,16686,5.9930480642454755e-05
AAC,7,22341,0.00031332527639765453
AAT,4,18414,0.0002172260236776366
AAA,5,27725,0.00018034265103697024
AAG,6,23971,0.0002503024487922907
AGC,5,21673,0.00023070179485996402
AGT,4,13416,0.0002981514609421586
AGA,3,20402,0.00014704440741103813
AGG,3,19382,0.00015478278815395728
CTA,1,10949,9.133254178463786e-05
CTC,13,10712,0.0012135922330097086
CTG,4,20284,0.00019719976336028398
CTT,1,14457,6.917064397869545e-05
CCA,2,21072,9.491268033409264e-05
CCC,0,13016,0.0
CCG,7,24596,0.00028459912180842415
CCT,4,16982,0.0002355435166647038
CAC,2,17880,0.00011185682326621924
CAT,1,18792,5.321413367390379e-05
CAA,1,21904,4.565376186997809e-05
CAG,6,17774,0.00033757173399347364
CGA,4,32243,0.000124057935055671
CGC,7,35516,0.00019709426737245185
CGG,2,34337,5.824620671578763e-05
CGT,5,20471,0.00024424796052952957
GTA,3,14010,0.00021413276231263382
GTC,3,13290,0.0002257336343115124
GTG,4,16401,0.0002438875678312298
GTT,2,22085,9.05592030790129e-05
GCA,8,27933,0.00028639959904056136
GCC,4,19886,0.0002011465352509303
GCG,5,32118,0.00015567594495298587
GCT,7,29769,0.00023514394168430247
GAC,0,11488,0.0
GAT,0,20468,0.0
GAA,4,17512,0.00022841480127912289
GAG,1,5543,0.00018040772145047808
GGA,0,22381,0.0
GGC,1,27220,3.673769287288758e-05
GGG,1,16761,5.9662311317940454e-05
GGT,2,19855,0.0001007302946361118
TCA,7,24041,0.00029116925252693315
TCC,8,15068,0.0005309264666843643
TCG,5,23847,0.00020966997945234201
TCT,4,19655,0.0002035105571101501
TTC,8,17461,0.0004581639081381364
TTT,1,21766,4.594321418726454e-05
TTA,6,20578,0.00029157352512391874
TTG,8,23851,0.00033541570584042597
TAC,2,15386,0.00012998830105290525
TAT,2,20384,9.811616954474098e-05
TAA,5,22177,0.00022545880867565495
TAG,2,7577,0.0002639567110993797
TGC,9,38659,0.00023280478025815464
TGT,5,21720,0.00023020257826887662
TGA,6,42414,0.00014146272457207527
TGG,9,40624,0.00022154391492713667
