"dataset","diff_pos","v_statistic","p_value"
"foster","1 and 2",973,0.656522791521483
"foster","1 and 3",1079,0.796816796475461
"foster","2 and 3",1197,0.295286646173114
"wei","1 and 2",1129,0.409396830225524
"wei","1 and 3",1195,0.301501200326807
"wei","2 and 3",1225,0.217260809954923
