dataset,diff_pos,v_statistic,p_value
foster,1 and 2,973.0,0.6541078635191557
foster,1 and 3,1001.0,0.794236962958387
foster,2 and 3,883.0,0.2937465095246108
wei,1 and 2,887.0,0.40745612420335053
wei,1 and 3,885.0,0.29993945771086183
wei,2 and 3,855.0,0.21601715818888834
